--------------------------------------------------------
--  File created - Friday-October-07-2022   
--------------------------------------------------------
--------------------------------------------------------
--  DDL for Table BILL
--------------------------------------------------------

  CREATE TABLE "VN_JAVA2"."BILL" 
   (	"BILL_ID" NUMBER(10,0), 
	"BUY_DATE" DATE, 
	"PRICE_TOTAL" NUMBER(19,0), 
	"STATUS" VARCHAR2(255 CHAR), 
	"USER_ID" NUMBER(19,0)
   ) SEGMENT CREATION IMMEDIATE 
  PCTFREE 10 PCTUSED 40 INITRANS 1 MAXTRANS 255 NOCOMPRESS LOGGING
  STORAGE(INITIAL 65536 NEXT 1048576 MINEXTENTS 1 MAXEXTENTS 2147483645
  PCTINCREASE 0 FREELISTS 1 FREELIST GROUPS 1 BUFFER_POOL DEFAULT FLASH_CACHE DEFAULT CELL_FLASH_CACHE DEFAULT)
  TABLESPACE "SYSTEM" ;
--------------------------------------------------------
--  DDL for Table BILLPRODUCT
--------------------------------------------------------

  CREATE TABLE "VN_JAVA2"."BILLPRODUCT" 
   (	"BILLPRODUCT_ID" NUMBER(19,0), 
	"QUANTITY" NUMBER(10,0), 
	"UNIT_PRICE" FLOAT(126), 
	"BILL_ID" NUMBER(10,0), 
	"PRODUCT_ID" NUMBER(19,0)
   ) SEGMENT CREATION IMMEDIATE 
  PCTFREE 10 PCTUSED 40 INITRANS 1 MAXTRANS 255 NOCOMPRESS LOGGING
  STORAGE(INITIAL 65536 NEXT 1048576 MINEXTENTS 1 MAXEXTENTS 2147483645
  PCTINCREASE 0 FREELISTS 1 FREELIST GROUPS 1 BUFFER_POOL DEFAULT FLASH_CACHE DEFAULT CELL_FLASH_CACHE DEFAULT)
  TABLESPACE "SYSTEM" ;
--------------------------------------------------------
--  DDL for Table CART
--------------------------------------------------------

  CREATE TABLE "VN_JAVA2"."CART" 
   (	"CART_ID" NUMBER(19,0), 
	"QUANTITY" NUMBER(10,0), 
	"PRODUCT_ID" NUMBER(19,0), 
	"USER_ID" NUMBER(19,0)
   ) SEGMENT CREATION IMMEDIATE 
  PCTFREE 10 PCTUSED 40 INITRANS 1 MAXTRANS 255 NOCOMPRESS LOGGING
  STORAGE(INITIAL 65536 NEXT 1048576 MINEXTENTS 1 MAXEXTENTS 2147483645
  PCTINCREASE 0 FREELISTS 1 FREELIST GROUPS 1 BUFFER_POOL DEFAULT FLASH_CACHE DEFAULT CELL_FLASH_CACHE DEFAULT)
  TABLESPACE "SYSTEM" ;
--------------------------------------------------------
--  DDL for Table CATEGORY
--------------------------------------------------------

  CREATE TABLE "VN_JAVA2"."CATEGORY" 
   (	"CATEGORY_ID" NUMBER(19,0), 
	"CATEGORY_NAME" VARCHAR2(255 CHAR)
   ) SEGMENT CREATION IMMEDIATE 
  PCTFREE 10 PCTUSED 40 INITRANS 1 MAXTRANS 255 NOCOMPRESS LOGGING
  STORAGE(INITIAL 65536 NEXT 1048576 MINEXTENTS 1 MAXEXTENTS 2147483645
  PCTINCREASE 0 FREELISTS 1 FREELIST GROUPS 1 BUFFER_POOL DEFAULT FLASH_CACHE DEFAULT CELL_FLASH_CACHE DEFAULT)
  TABLESPACE "SYSTEM" ;
--------------------------------------------------------
--  DDL for Table ITEM
--------------------------------------------------------

  CREATE TABLE "VN_JAVA2"."ITEM" 
   (	"ITEM_ID" NUMBER(19,0), 
	"QUANTITY" NUMBER(10,0), 
	"UNIT_PRICE" FLOAT(126), 
	"ORDER_ID" NUMBER(19,0), 
	"PRODUCT_ID" NUMBER(19,0)
   ) SEGMENT CREATION IMMEDIATE 
  PCTFREE 10 PCTUSED 40 INITRANS 1 MAXTRANS 255 NOCOMPRESS LOGGING
  STORAGE(INITIAL 65536 NEXT 1048576 MINEXTENTS 1 MAXEXTENTS 2147483645
  PCTINCREASE 0 FREELISTS 1 FREELIST GROUPS 1 BUFFER_POOL DEFAULT FLASH_CACHE DEFAULT CELL_FLASH_CACHE DEFAULT)
  TABLESPACE "SYSTEM" ;
--------------------------------------------------------
--  DDL for Table ORDER_USER
--------------------------------------------------------

  CREATE TABLE "VN_JAVA2"."ORDER_USER" 
   (	"ORDER_ID" NUMBER(19,0), 
	"BUY_DATE" DATE, 
	"PRICE_TOTAL" FLOAT(126), 
	"STATUS" VARCHAR2(255 CHAR), 
	"USER_ID" NUMBER(19,0)
   ) SEGMENT CREATION IMMEDIATE 
  PCTFREE 10 PCTUSED 40 INITRANS 1 MAXTRANS 255 NOCOMPRESS LOGGING
  STORAGE(INITIAL 65536 NEXT 1048576 MINEXTENTS 1 MAXEXTENTS 2147483645
  PCTINCREASE 0 FREELISTS 1 FREELIST GROUPS 1 BUFFER_POOL DEFAULT FLASH_CACHE DEFAULT CELL_FLASH_CACHE DEFAULT)
  TABLESPACE "SYSTEM" ;
--------------------------------------------------------
--  DDL for Table PRODUCT
--------------------------------------------------------

  CREATE TABLE "VN_JAVA2"."PRODUCT" 
   (	"PRODUCT_ID" NUMBER(19,0), 
	"DESCRIPTION" VARCHAR2(255 CHAR), 
	"IMAGE" VARCHAR2(255 CHAR), 
	"PRICE" FLOAT(126), 
	"PRODUCT_NAME" VARCHAR2(255 CHAR), 
	"QUANTITY" NUMBER(10,0), 
	"CATEGORY_ID" NUMBER(19,0), 
	"SALE_ID" VARCHAR2(255 CHAR)
   ) SEGMENT CREATION IMMEDIATE 
  PCTFREE 10 PCTUSED 40 INITRANS 1 MAXTRANS 255 NOCOMPRESS LOGGING
  STORAGE(INITIAL 65536 NEXT 1048576 MINEXTENTS 1 MAXEXTENTS 2147483645
  PCTINCREASE 0 FREELISTS 1 FREELIST GROUPS 1 BUFFER_POOL DEFAULT FLASH_CACHE DEFAULT CELL_FLASH_CACHE DEFAULT)
  TABLESPACE "SYSTEM" ;
--------------------------------------------------------
--  DDL for Table ROLE_TABLE
--------------------------------------------------------

  CREATE TABLE "VN_JAVA2"."ROLE_TABLE" 
   (	"ROLE_ID" NUMBER(19,0), 
	"ROLE_NAME" VARCHAR2(255 CHAR)
   ) SEGMENT CREATION IMMEDIATE 
  PCTFREE 10 PCTUSED 40 INITRANS 1 MAXTRANS 255 NOCOMPRESS LOGGING
  STORAGE(INITIAL 65536 NEXT 1048576 MINEXTENTS 1 MAXEXTENTS 2147483645
  PCTINCREASE 0 FREELISTS 1 FREELIST GROUPS 1 BUFFER_POOL DEFAULT FLASH_CACHE DEFAULT CELL_FLASH_CACHE DEFAULT)
  TABLESPACE "SYSTEM" ;
--------------------------------------------------------
--  DDL for Table SALE
--------------------------------------------------------

  CREATE TABLE "VN_JAVA2"."SALE" 
   (	"SALE_ID" VARCHAR2(255 CHAR), 
	"SALE_PERCENT" NUMBER(10,0)
   ) SEGMENT CREATION IMMEDIATE 
  PCTFREE 10 PCTUSED 40 INITRANS 1 MAXTRANS 255 NOCOMPRESS LOGGING
  STORAGE(INITIAL 65536 NEXT 1048576 MINEXTENTS 1 MAXEXTENTS 2147483645
  PCTINCREASE 0 FREELISTS 1 FREELIST GROUPS 1 BUFFER_POOL DEFAULT FLASH_CACHE DEFAULT CELL_FLASH_CACHE DEFAULT)
  TABLESPACE "SYSTEM" ;
--------------------------------------------------------
--  DDL for Table USER_TABLE
--------------------------------------------------------

  CREATE TABLE "VN_JAVA2"."USER_TABLE" 
   (	"USER_ID" NUMBER(19,0), 
	"ADDRESS" VARCHAR2(255 CHAR), 
	"AVATAR" VARCHAR2(255 CHAR), 
	"EMAIL" VARCHAR2(255 CHAR), 
	"FULL_NAME" VARCHAR2(255 CHAR), 
	"GENDER" NUMBER(1,0), 
	"PASSWORD" VARCHAR2(255 CHAR), 
	"PHONE" VARCHAR2(255 CHAR), 
	"VERIFY" NUMBER(1,0), 
	"ROLE_ID" NUMBER(19,0)
   ) SEGMENT CREATION IMMEDIATE 
  PCTFREE 10 PCTUSED 40 INITRANS 1 MAXTRANS 255 NOCOMPRESS LOGGING
  STORAGE(INITIAL 65536 NEXT 1048576 MINEXTENTS 1 MAXEXTENTS 2147483645
  PCTINCREASE 0 FREELISTS 1 FREELIST GROUPS 1 BUFFER_POOL DEFAULT FLASH_CACHE DEFAULT CELL_FLASH_CACHE DEFAULT)
  TABLESPACE "SYSTEM" ;
REM INSERTING into VN_JAVA2.BILL
SET DEFINE OFF;
REM INSERTING into VN_JAVA2.BILLPRODUCT
SET DEFINE OFF;
REM INSERTING into VN_JAVA2.CART
SET DEFINE OFF;
REM INSERTING into VN_JAVA2.CATEGORY
SET DEFINE OFF;
Insert into VN_JAVA2.CATEGORY (CATEGORY_ID,CATEGORY_NAME) values (2,'Hoodie');
Insert into VN_JAVA2.CATEGORY (CATEGORY_ID,CATEGORY_NAME) values (3,'T-Shirt');
Insert into VN_JAVA2.CATEGORY (CATEGORY_ID,CATEGORY_NAME) values (4,'Polo');
Insert into VN_JAVA2.CATEGORY (CATEGORY_ID,CATEGORY_NAME) values (5,'Shoes');
Insert into VN_JAVA2.CATEGORY (CATEGORY_ID,CATEGORY_NAME) values (6,'Pants');
Insert into VN_JAVA2.CATEGORY (CATEGORY_ID,CATEGORY_NAME) values (7,'Skirt');
Insert into VN_JAVA2.CATEGORY (CATEGORY_ID,CATEGORY_NAME) values (1,'Shirt');
Insert into VN_JAVA2.CATEGORY (CATEGORY_ID,CATEGORY_NAME) values (8,'Jacket');
Insert into VN_JAVA2.CATEGORY (CATEGORY_ID,CATEGORY_NAME) values (9,'Suit');
REM INSERTING into VN_JAVA2.ITEM
SET DEFINE OFF;
Insert into VN_JAVA2.ITEM (ITEM_ID,QUANTITY,UNIT_PRICE,ORDER_ID,PRODUCT_ID) values (1704,1,100,1653,27);
Insert into VN_JAVA2.ITEM (ITEM_ID,QUANTITY,UNIT_PRICE,ORDER_ID,PRODUCT_ID) values (1702,1,400,1652,4);
Insert into VN_JAVA2.ITEM (ITEM_ID,QUANTITY,UNIT_PRICE,ORDER_ID,PRODUCT_ID) values (1703,2,250,1652,29);
Insert into VN_JAVA2.ITEM (ITEM_ID,QUANTITY,UNIT_PRICE,ORDER_ID,PRODUCT_ID) values (1705,1,135,1653,15);
Insert into VN_JAVA2.ITEM (ITEM_ID,QUANTITY,UNIT_PRICE,ORDER_ID,PRODUCT_ID) values (1852,1,32,1802,1);
REM INSERTING into VN_JAVA2.ORDER_USER
SET DEFINE OFF;
Insert into VN_JAVA2.ORDER_USER (ORDER_ID,BUY_DATE,PRICE_TOTAL,STATUS,USER_ID) values (1802,to_date('07-OCT-22','DD-MON-RR'),37,'PENDING',1353);
Insert into VN_JAVA2.ORDER_USER (ORDER_ID,BUY_DATE,PRICE_TOTAL,STATUS,USER_ID) values (1652,to_date('06-OCT-22','DD-MON-RR'),905,'PENDING',1353);
Insert into VN_JAVA2.ORDER_USER (ORDER_ID,BUY_DATE,PRICE_TOTAL,STATUS,USER_ID) values (1653,to_date('06-OCT-22','DD-MON-RR'),240,'SUCCESS',1603);
REM INSERTING into VN_JAVA2.PRODUCT
SET DEFINE OFF;
Insert into VN_JAVA2.PRODUCT (PRODUCT_ID,DESCRIPTION,IMAGE,PRICE,PRODUCT_NAME,QUANTITY,CATEGORY_ID,SALE_ID) values (1,'Unisex T-shirt','ulzzang.jfif',40,'Ulzzang',10,3,'s20pc');
Insert into VN_JAVA2.PRODUCT (PRODUCT_ID,DESCRIPTION,IMAGE,PRICE,PRODUCT_NAME,QUANTITY,CATEGORY_ID,SALE_ID) values (2,'Unisex T-shirt','adlv.jfif',50,'ADLV',10,3,'s10pc');
Insert into VN_JAVA2.PRODUCT (PRODUCT_ID,DESCRIPTION,IMAGE,PRICE,PRODUCT_NAME,QUANTITY,CATEGORY_ID,SALE_ID) values (3,'Polo Shirt','degrey.webp',15,'Degrey',10,4,'default');
Insert into VN_JAVA2.PRODUCT (PRODUCT_ID,DESCRIPTION,IMAGE,PRICE,PRODUCT_NAME,QUANTITY,CATEGORY_ID,SALE_ID) values (4,'T-Shirt','gucci.jfif',500,'Gucci',10,3,'s20pc');
Insert into VN_JAVA2.PRODUCT (PRODUCT_ID,DESCRIPTION,IMAGE,PRICE,PRODUCT_NAME,QUANTITY,CATEGORY_ID,SALE_ID) values (5,'Unisex T-shirt','1969unisex.jfif',35,'1969',20,3,'default');
Insert into VN_JAVA2.PRODUCT (PRODUCT_ID,DESCRIPTION,IMAGE,PRICE,PRODUCT_NAME,QUANTITY,CATEGORY_ID,SALE_ID) values (6,'Hoodie shirt','mape.jfif',100,'Mape',50,2,'s10pc');
Insert into VN_JAVA2.PRODUCT (PRODUCT_ID,DESCRIPTION,IMAGE,PRICE,PRODUCT_NAME,QUANTITY,CATEGORY_ID,SALE_ID) values (7,'Hoodie shirt','staytuned.jfif',75,'Staytuned',30,2,'s30pc');
Insert into VN_JAVA2.PRODUCT (PRODUCT_ID,DESCRIPTION,IMAGE,PRICE,PRODUCT_NAME,QUANTITY,CATEGORY_ID,SALE_ID) values (8,'Hoodie shirt','visavet.jfif',85,'Visa Vet',45,2,'default');
Insert into VN_JAVA2.PRODUCT (PRODUCT_ID,DESCRIPTION,IMAGE,PRICE,PRODUCT_NAME,QUANTITY,CATEGORY_ID,SALE_ID) values (9,'Shirt','menswear.jfif',90,'Menswear',15,1,'s10pc');
Insert into VN_JAVA2.PRODUCT (PRODUCT_ID,DESCRIPTION,IMAGE,PRICE,PRODUCT_NAME,QUANTITY,CATEGORY_ID,SALE_ID) values (10,'Jacket','mlb.jfif',50,'MLB',5,8,'s40pc');
Insert into VN_JAVA2.PRODUCT (PRODUCT_ID,DESCRIPTION,IMAGE,PRICE,PRODUCT_NAME,QUANTITY,CATEGORY_ID,SALE_ID) values (12,'Shirt','menswear2.jfif',90,'Menswear2',30,1,'default');
Insert into VN_JAVA2.PRODUCT (PRODUCT_ID,DESCRIPTION,IMAGE,PRICE,PRODUCT_NAME,QUANTITY,CATEGORY_ID,SALE_ID) values (13,'Boots','chelsea.jfif',50,'Chelsea',50,5,'default');
Insert into VN_JAVA2.PRODUCT (PRODUCT_ID,DESCRIPTION,IMAGE,PRICE,PRODUCT_NAME,QUANTITY,CATEGORY_ID,SALE_ID) values (14,'Pants','baggy.jfif',100,'Baggy',25,6,'s30pc');
Insert into VN_JAVA2.PRODUCT (PRODUCT_ID,DESCRIPTION,IMAGE,PRICE,PRODUCT_NAME,QUANTITY,CATEGORY_ID,SALE_ID) values (15,'Pants','jean.jfif',150,'Jean',50,6,'s10pc');
Insert into VN_JAVA2.PRODUCT (PRODUCT_ID,DESCRIPTION,IMAGE,PRICE,PRODUCT_NAME,QUANTITY,CATEGORY_ID,SALE_ID) values (16,'Pants','jean2.jfif',120,'Jean2',45,6,'s20pc');
Insert into VN_JAVA2.PRODUCT (PRODUCT_ID,DESCRIPTION,IMAGE,PRICE,PRODUCT_NAME,QUANTITY,CATEGORY_ID,SALE_ID) values (17,'Sneaker ','guccc.jfif',50,'Guccc',20,5,'default');
Insert into VN_JAVA2.PRODUCT (PRODUCT_ID,DESCRIPTION,IMAGE,PRICE,PRODUCT_NAME,QUANTITY,CATEGORY_ID,SALE_ID) values (18,'Boots','martin.jfif',65,'Martin',30,5,'s10pc');
Insert into VN_JAVA2.PRODUCT (PRODUCT_ID,DESCRIPTION,IMAGE,PRICE,PRODUCT_NAME,QUANTITY,CATEGORY_ID,SALE_ID) values (20,'Jacket','ultralight3d.webp',100,'Ultra Light 3D',20,8,'s20pc');
Insert into VN_JAVA2.PRODUCT (PRODUCT_ID,DESCRIPTION,IMAGE,PRICE,PRODUCT_NAME,QUANTITY,CATEGORY_ID,SALE_ID) values (22,'T-Shirt','miextrafine.webp',50,'Mi Extra Fine',10,3,'default');
Insert into VN_JAVA2.PRODUCT (PRODUCT_ID,DESCRIPTION,IMAGE,PRICE,PRODUCT_NAME,QUANTITY,CATEGORY_ID,SALE_ID) values (24,'Skirt','kbskirt.jfif',150,'K.B Skirt',15,7,'default');
Insert into VN_JAVA2.PRODUCT (PRODUCT_ID,DESCRIPTION,IMAGE,PRICE,PRODUCT_NAME,QUANTITY,CATEGORY_ID,SALE_ID) values (25,'Pants','needofwisdom.jfif',100,'Need of WisDom',40,6,'s30pc');
Insert into VN_JAVA2.PRODUCT (PRODUCT_ID,DESCRIPTION,IMAGE,PRICE,PRODUCT_NAME,QUANTITY,CATEGORY_ID,SALE_ID) values (26,'Pants','peepants.jfif',75,'Pee Pants',25,6,'s10pc');
Insert into VN_JAVA2.PRODUCT (PRODUCT_ID,DESCRIPTION,IMAGE,PRICE,PRODUCT_NAME,QUANTITY,CATEGORY_ID,SALE_ID) values (27,'Shirt','dreanshirt.png',100,'Drean Shirt',30,1,'default');
Insert into VN_JAVA2.PRODUCT (PRODUCT_ID,DESCRIPTION,IMAGE,PRICE,PRODUCT_NAME,QUANTITY,CATEGORY_ID,SALE_ID) values (28,'Shirt','f-shirt.webp',300,'F - Shirt',50,1,'default');
Insert into VN_JAVA2.PRODUCT (PRODUCT_ID,DESCRIPTION,IMAGE,PRICE,PRODUCT_NAME,QUANTITY,CATEGORY_ID,SALE_ID) values (29,'Shirt','blackadult.jpg',250,'Black Adult',55,1,'default');
Insert into VN_JAVA2.PRODUCT (PRODUCT_ID,DESCRIPTION,IMAGE,PRICE,PRODUCT_NAME,QUANTITY,CATEGORY_ID,SALE_ID) values (31,'Suit','matcher.jfif',40,'Matcher',60,9,'s10pc');
Insert into VN_JAVA2.PRODUCT (PRODUCT_ID,DESCRIPTION,IMAGE,PRICE,PRODUCT_NAME,QUANTITY,CATEGORY_ID,SALE_ID) values (32,'Suit','mish.jfif',60,'Mish',100,9,'s10pc');
REM INSERTING into VN_JAVA2.ROLE_TABLE
SET DEFINE OFF;
Insert into VN_JAVA2.ROLE_TABLE (ROLE_ID,ROLE_NAME) values (1,'ROLE_ADMIN');
Insert into VN_JAVA2.ROLE_TABLE (ROLE_ID,ROLE_NAME) values (2,'ROLE_MEMBER');
Insert into VN_JAVA2.ROLE_TABLE (ROLE_ID,ROLE_NAME) values (3,'ROLE_USER');
REM INSERTING into VN_JAVA2.SALE
SET DEFINE OFF;
Insert into VN_JAVA2.SALE (SALE_ID,SALE_PERCENT) values ('default',0);
Insert into VN_JAVA2.SALE (SALE_ID,SALE_PERCENT) values ('s10pc',10);
Insert into VN_JAVA2.SALE (SALE_ID,SALE_PERCENT) values ('s20pc',20);
Insert into VN_JAVA2.SALE (SALE_ID,SALE_PERCENT) values ('s30pc',30);
Insert into VN_JAVA2.SALE (SALE_ID,SALE_PERCENT) values ('s40pc',40);
Insert into VN_JAVA2.SALE (SALE_ID,SALE_PERCENT) values ('s50',50);
REM INSERTING into VN_JAVA2.USER_TABLE
SET DEFINE OFF;
Insert into VN_JAVA2.USER_TABLE (USER_ID,ADDRESS,AVATAR,EMAIL,FULL_NAME,GENDER,PASSWORD,PHONE,VERIFY,ROLE_ID) values (1353,'Ho Chi Minh City','user_avatar.png','nguyen@gmail.com','Mai Huynh Trung Nguyen',1,'$2a$10$R/0AwP4GbpAWavXKHDS9L.2mjrq5kWeWMbmT8LF5.KmBh79wPNE8q','0963730907',1,3);
Insert into VN_JAVA2.USER_TABLE (USER_ID,ADDRESS,AVATAR,EMAIL,FULL_NAME,GENDER,PASSWORD,PHONE,VERIFY,ROLE_ID) values (1602,'Viet Nam','user_avatar.png','thanh@gmail.com','Nguyen Minh Thanh',1,'$2a$10$tyxR9hhjYdU18SKhtZ61MuZOOhUt5RbfAwsAe9bdacPy5wlvoqCty','0123456789',1,2);
Insert into VN_JAVA2.USER_TABLE (USER_ID,ADDRESS,AVATAR,EMAIL,FULL_NAME,GENDER,PASSWORD,PHONE,VERIFY,ROLE_ID) values (1603,'Viet Nam','user_avatar.png','huy@gmail.com','Nguyen Trong Huy',1,'$2a$10$.YyZzO4PMNfWW/x4X/cdS.jDpuVF6JQ7bF9xdfxJqHLJTatL1jAEG','012345678',1,3);
Insert into VN_JAVA2.USER_TABLE (USER_ID,ADDRESS,AVATAR,EMAIL,FULL_NAME,GENDER,PASSWORD,PHONE,VERIFY,ROLE_ID) values (1,'VN','1665045944459.png','admin@gmail.com','Mr Admin',1,'$2a$10$CLsuKq.6olFyVcBwRgcX8uGEY8ENpNI7dBucY8J190q7I1GUGuG7C','0987654321',1,1);
Insert into VN_JAVA2.USER_TABLE (USER_ID,ADDRESS,AVATAR,EMAIL,FULL_NAME,GENDER,PASSWORD,PHONE,VERIFY,ROLE_ID) values (1604,'Ho Chi Minh, Viet nam','1665083021925.png','quy@gmail.com','Le Tan Quy',1,'$2a$10$Nvh6c/Y3DSg2Io92/xsjHOBeBRlL3/v1FMw6Pe22Y3zvufd6jXBC.','0912345678',1,1);
Insert into VN_JAVA2.USER_TABLE (USER_ID,ADDRESS,AVATAR,EMAIL,FULL_NAME,GENDER,PASSWORD,PHONE,VERIFY,ROLE_ID) values (1355,'India','user_avatar.png','client@gmail.com','Mr Client',1,'$2a$10$ZMFar.PlNQusUjXxwKZlc.vUBLHnl4oG4MQD3FyNnLMRmmtUi6V8W','0963730907',1,3);
--------------------------------------------------------
--  DDL for Index SYS_C007407
--------------------------------------------------------

  CREATE UNIQUE INDEX "VN_JAVA2"."SYS_C007407" ON "VN_JAVA2"."BILL" ("BILL_ID") 
  PCTFREE 10 INITRANS 2 MAXTRANS 255 COMPUTE STATISTICS 
  STORAGE(INITIAL 65536 NEXT 1048576 MINEXTENTS 1 MAXEXTENTS 2147483645
  PCTINCREASE 0 FREELISTS 1 FREELIST GROUPS 1 BUFFER_POOL DEFAULT FLASH_CACHE DEFAULT CELL_FLASH_CACHE DEFAULT)
  TABLESPACE "SYSTEM" ;
--------------------------------------------------------
--  DDL for Index SYS_C007409
--------------------------------------------------------

  CREATE UNIQUE INDEX "VN_JAVA2"."SYS_C007409" ON "VN_JAVA2"."BILLPRODUCT" ("BILLPRODUCT_ID") 
  PCTFREE 10 INITRANS 2 MAXTRANS 255 COMPUTE STATISTICS 
  STORAGE(INITIAL 65536 NEXT 1048576 MINEXTENTS 1 MAXEXTENTS 2147483645
  PCTINCREASE 0 FREELISTS 1 FREELIST GROUPS 1 BUFFER_POOL DEFAULT FLASH_CACHE DEFAULT CELL_FLASH_CACHE DEFAULT)
  TABLESPACE "SYSTEM" ;
--------------------------------------------------------
--  DDL for Index SYS_C007411
--------------------------------------------------------

  CREATE UNIQUE INDEX "VN_JAVA2"."SYS_C007411" ON "VN_JAVA2"."CART" ("CART_ID") 
  PCTFREE 10 INITRANS 2 MAXTRANS 255 COMPUTE STATISTICS 
  STORAGE(INITIAL 65536 NEXT 1048576 MINEXTENTS 1 MAXEXTENTS 2147483645
  PCTINCREASE 0 FREELISTS 1 FREELIST GROUPS 1 BUFFER_POOL DEFAULT FLASH_CACHE DEFAULT CELL_FLASH_CACHE DEFAULT)
  TABLESPACE "SYSTEM" ;
--------------------------------------------------------
--  DDL for Index SYS_C007413
--------------------------------------------------------

  CREATE UNIQUE INDEX "VN_JAVA2"."SYS_C007413" ON "VN_JAVA2"."CATEGORY" ("CATEGORY_ID") 
  PCTFREE 10 INITRANS 2 MAXTRANS 255 COMPUTE STATISTICS 
  STORAGE(INITIAL 65536 NEXT 1048576 MINEXTENTS 1 MAXEXTENTS 2147483645
  PCTINCREASE 0 FREELISTS 1 FREELIST GROUPS 1 BUFFER_POOL DEFAULT FLASH_CACHE DEFAULT CELL_FLASH_CACHE DEFAULT)
  TABLESPACE "SYSTEM" ;
--------------------------------------------------------
--  DDL for Index SYS_C007415
--------------------------------------------------------

  CREATE UNIQUE INDEX "VN_JAVA2"."SYS_C007415" ON "VN_JAVA2"."ITEM" ("ITEM_ID") 
  PCTFREE 10 INITRANS 2 MAXTRANS 255 COMPUTE STATISTICS 
  STORAGE(INITIAL 65536 NEXT 1048576 MINEXTENTS 1 MAXEXTENTS 2147483645
  PCTINCREASE 0 FREELISTS 1 FREELIST GROUPS 1 BUFFER_POOL DEFAULT FLASH_CACHE DEFAULT CELL_FLASH_CACHE DEFAULT)
  TABLESPACE "SYSTEM" ;
--------------------------------------------------------
--  DDL for Index SYS_C007417
--------------------------------------------------------

  CREATE UNIQUE INDEX "VN_JAVA2"."SYS_C007417" ON "VN_JAVA2"."ORDER_USER" ("ORDER_ID") 
  PCTFREE 10 INITRANS 2 MAXTRANS 255 COMPUTE STATISTICS 
  STORAGE(INITIAL 65536 NEXT 1048576 MINEXTENTS 1 MAXEXTENTS 2147483645
  PCTINCREASE 0 FREELISTS 1 FREELIST GROUPS 1 BUFFER_POOL DEFAULT FLASH_CACHE DEFAULT CELL_FLASH_CACHE DEFAULT)
  TABLESPACE "SYSTEM" ;
--------------------------------------------------------
--  DDL for Index SYS_C007419
--------------------------------------------------------

  CREATE UNIQUE INDEX "VN_JAVA2"."SYS_C007419" ON "VN_JAVA2"."PRODUCT" ("PRODUCT_ID") 
  PCTFREE 10 INITRANS 2 MAXTRANS 255 COMPUTE STATISTICS 
  STORAGE(INITIAL 65536 NEXT 1048576 MINEXTENTS 1 MAXEXTENTS 2147483645
  PCTINCREASE 0 FREELISTS 1 FREELIST GROUPS 1 BUFFER_POOL DEFAULT FLASH_CACHE DEFAULT CELL_FLASH_CACHE DEFAULT)
  TABLESPACE "SYSTEM" ;
--------------------------------------------------------
--  DDL for Index SYS_C007421
--------------------------------------------------------

  CREATE UNIQUE INDEX "VN_JAVA2"."SYS_C007421" ON "VN_JAVA2"."ROLE_TABLE" ("ROLE_ID") 
  PCTFREE 10 INITRANS 2 MAXTRANS 255 COMPUTE STATISTICS 
  STORAGE(INITIAL 65536 NEXT 1048576 MINEXTENTS 1 MAXEXTENTS 2147483645
  PCTINCREASE 0 FREELISTS 1 FREELIST GROUPS 1 BUFFER_POOL DEFAULT FLASH_CACHE DEFAULT CELL_FLASH_CACHE DEFAULT)
  TABLESPACE "SYSTEM" ;
--------------------------------------------------------
--  DDL for Index SYS_C007423
--------------------------------------------------------

  CREATE UNIQUE INDEX "VN_JAVA2"."SYS_C007423" ON "VN_JAVA2"."SALE" ("SALE_ID") 
  PCTFREE 10 INITRANS 2 MAXTRANS 255 COMPUTE STATISTICS 
  STORAGE(INITIAL 65536 NEXT 1048576 MINEXTENTS 1 MAXEXTENTS 2147483645
  PCTINCREASE 0 FREELISTS 1 FREELIST GROUPS 1 BUFFER_POOL DEFAULT FLASH_CACHE DEFAULT CELL_FLASH_CACHE DEFAULT)
  TABLESPACE "SYSTEM" ;
--------------------------------------------------------
--  DDL for Index SYS_C007425
--------------------------------------------------------

  CREATE UNIQUE INDEX "VN_JAVA2"."SYS_C007425" ON "VN_JAVA2"."USER_TABLE" ("USER_ID") 
  PCTFREE 10 INITRANS 2 MAXTRANS 255 COMPUTE STATISTICS 
  STORAGE(INITIAL 65536 NEXT 1048576 MINEXTENTS 1 MAXEXTENTS 2147483645
  PCTINCREASE 0 FREELISTS 1 FREELIST GROUPS 1 BUFFER_POOL DEFAULT FLASH_CACHE DEFAULT CELL_FLASH_CACHE DEFAULT)
  TABLESPACE "SYSTEM" ;
--------------------------------------------------------
--  Constraints for Table BILL
--------------------------------------------------------

  ALTER TABLE "VN_JAVA2"."BILL" ADD PRIMARY KEY ("BILL_ID")
  USING INDEX PCTFREE 10 INITRANS 2 MAXTRANS 255 COMPUTE STATISTICS 
  STORAGE(INITIAL 65536 NEXT 1048576 MINEXTENTS 1 MAXEXTENTS 2147483645
  PCTINCREASE 0 FREELISTS 1 FREELIST GROUPS 1 BUFFER_POOL DEFAULT FLASH_CACHE DEFAULT CELL_FLASH_CACHE DEFAULT)
  TABLESPACE "SYSTEM"  ENABLE;
  ALTER TABLE "VN_JAVA2"."BILL" MODIFY ("BILL_ID" NOT NULL ENABLE);
--------------------------------------------------------
--  Constraints for Table BILLPRODUCT
--------------------------------------------------------

  ALTER TABLE "VN_JAVA2"."BILLPRODUCT" ADD PRIMARY KEY ("BILLPRODUCT_ID")
  USING INDEX PCTFREE 10 INITRANS 2 MAXTRANS 255 COMPUTE STATISTICS 
  STORAGE(INITIAL 65536 NEXT 1048576 MINEXTENTS 1 MAXEXTENTS 2147483645
  PCTINCREASE 0 FREELISTS 1 FREELIST GROUPS 1 BUFFER_POOL DEFAULT FLASH_CACHE DEFAULT CELL_FLASH_CACHE DEFAULT)
  TABLESPACE "SYSTEM"  ENABLE;
  ALTER TABLE "VN_JAVA2"."BILLPRODUCT" MODIFY ("BILLPRODUCT_ID" NOT NULL ENABLE);
--------------------------------------------------------
--  Constraints for Table CART
--------------------------------------------------------

  ALTER TABLE "VN_JAVA2"."CART" ADD PRIMARY KEY ("CART_ID")
  USING INDEX PCTFREE 10 INITRANS 2 MAXTRANS 255 COMPUTE STATISTICS 
  STORAGE(INITIAL 65536 NEXT 1048576 MINEXTENTS 1 MAXEXTENTS 2147483645
  PCTINCREASE 0 FREELISTS 1 FREELIST GROUPS 1 BUFFER_POOL DEFAULT FLASH_CACHE DEFAULT CELL_FLASH_CACHE DEFAULT)
  TABLESPACE "SYSTEM"  ENABLE;
  ALTER TABLE "VN_JAVA2"."CART" MODIFY ("CART_ID" NOT NULL ENABLE);
--------------------------------------------------------
--  Constraints for Table CATEGORY
--------------------------------------------------------

  ALTER TABLE "VN_JAVA2"."CATEGORY" ADD PRIMARY KEY ("CATEGORY_ID")
  USING INDEX PCTFREE 10 INITRANS 2 MAXTRANS 255 COMPUTE STATISTICS 
  STORAGE(INITIAL 65536 NEXT 1048576 MINEXTENTS 1 MAXEXTENTS 2147483645
  PCTINCREASE 0 FREELISTS 1 FREELIST GROUPS 1 BUFFER_POOL DEFAULT FLASH_CACHE DEFAULT CELL_FLASH_CACHE DEFAULT)
  TABLESPACE "SYSTEM"  ENABLE;
  ALTER TABLE "VN_JAVA2"."CATEGORY" MODIFY ("CATEGORY_ID" NOT NULL ENABLE);
--------------------------------------------------------
--  Constraints for Table ITEM
--------------------------------------------------------

  ALTER TABLE "VN_JAVA2"."ITEM" ADD PRIMARY KEY ("ITEM_ID")
  USING INDEX PCTFREE 10 INITRANS 2 MAXTRANS 255 COMPUTE STATISTICS 
  STORAGE(INITIAL 65536 NEXT 1048576 MINEXTENTS 1 MAXEXTENTS 2147483645
  PCTINCREASE 0 FREELISTS 1 FREELIST GROUPS 1 BUFFER_POOL DEFAULT FLASH_CACHE DEFAULT CELL_FLASH_CACHE DEFAULT)
  TABLESPACE "SYSTEM"  ENABLE;
  ALTER TABLE "VN_JAVA2"."ITEM" MODIFY ("ITEM_ID" NOT NULL ENABLE);
--------------------------------------------------------
--  Constraints for Table ORDER_USER
--------------------------------------------------------

  ALTER TABLE "VN_JAVA2"."ORDER_USER" ADD PRIMARY KEY ("ORDER_ID")
  USING INDEX PCTFREE 10 INITRANS 2 MAXTRANS 255 COMPUTE STATISTICS 
  STORAGE(INITIAL 65536 NEXT 1048576 MINEXTENTS 1 MAXEXTENTS 2147483645
  PCTINCREASE 0 FREELISTS 1 FREELIST GROUPS 1 BUFFER_POOL DEFAULT FLASH_CACHE DEFAULT CELL_FLASH_CACHE DEFAULT)
  TABLESPACE "SYSTEM"  ENABLE;
  ALTER TABLE "VN_JAVA2"."ORDER_USER" MODIFY ("ORDER_ID" NOT NULL ENABLE);
--------------------------------------------------------
--  Constraints for Table PRODUCT
--------------------------------------------------------

  ALTER TABLE "VN_JAVA2"."PRODUCT" ADD PRIMARY KEY ("PRODUCT_ID")
  USING INDEX PCTFREE 10 INITRANS 2 MAXTRANS 255 COMPUTE STATISTICS 
  STORAGE(INITIAL 65536 NEXT 1048576 MINEXTENTS 1 MAXEXTENTS 2147483645
  PCTINCREASE 0 FREELISTS 1 FREELIST GROUPS 1 BUFFER_POOL DEFAULT FLASH_CACHE DEFAULT CELL_FLASH_CACHE DEFAULT)
  TABLESPACE "SYSTEM"  ENABLE;
  ALTER TABLE "VN_JAVA2"."PRODUCT" MODIFY ("PRODUCT_ID" NOT NULL ENABLE);
--------------------------------------------------------
--  Constraints for Table ROLE_TABLE
--------------------------------------------------------

  ALTER TABLE "VN_JAVA2"."ROLE_TABLE" ADD PRIMARY KEY ("ROLE_ID")
  USING INDEX PCTFREE 10 INITRANS 2 MAXTRANS 255 COMPUTE STATISTICS 
  STORAGE(INITIAL 65536 NEXT 1048576 MINEXTENTS 1 MAXEXTENTS 2147483645
  PCTINCREASE 0 FREELISTS 1 FREELIST GROUPS 1 BUFFER_POOL DEFAULT FLASH_CACHE DEFAULT CELL_FLASH_CACHE DEFAULT)
  TABLESPACE "SYSTEM"  ENABLE;
  ALTER TABLE "VN_JAVA2"."ROLE_TABLE" MODIFY ("ROLE_ID" NOT NULL ENABLE);
--------------------------------------------------------
--  Constraints for Table SALE
--------------------------------------------------------

  ALTER TABLE "VN_JAVA2"."SALE" ADD PRIMARY KEY ("SALE_ID")
  USING INDEX PCTFREE 10 INITRANS 2 MAXTRANS 255 COMPUTE STATISTICS 
  STORAGE(INITIAL 65536 NEXT 1048576 MINEXTENTS 1 MAXEXTENTS 2147483645
  PCTINCREASE 0 FREELISTS 1 FREELIST GROUPS 1 BUFFER_POOL DEFAULT FLASH_CACHE DEFAULT CELL_FLASH_CACHE DEFAULT)
  TABLESPACE "SYSTEM"  ENABLE;
  ALTER TABLE "VN_JAVA2"."SALE" MODIFY ("SALE_ID" NOT NULL ENABLE);
--------------------------------------------------------
--  Constraints for Table USER_TABLE
--------------------------------------------------------

  ALTER TABLE "VN_JAVA2"."USER_TABLE" ADD PRIMARY KEY ("USER_ID")
  USING INDEX PCTFREE 10 INITRANS 2 MAXTRANS 255 COMPUTE STATISTICS 
  STORAGE(INITIAL 65536 NEXT 1048576 MINEXTENTS 1 MAXEXTENTS 2147483645
  PCTINCREASE 0 FREELISTS 1 FREELIST GROUPS 1 BUFFER_POOL DEFAULT FLASH_CACHE DEFAULT CELL_FLASH_CACHE DEFAULT)
  TABLESPACE "SYSTEM"  ENABLE;
  ALTER TABLE "VN_JAVA2"."USER_TABLE" MODIFY ("USER_ID" NOT NULL ENABLE);
--------------------------------------------------------
--  Ref Constraints for Table BILL
--------------------------------------------------------

  ALTER TABLE "VN_JAVA2"."BILL" ADD CONSTRAINT "FK9S5C64GU6QAQ0CQKP4KU7QRVJ" FOREIGN KEY ("USER_ID")
	  REFERENCES "VN_JAVA2"."USER_TABLE" ("USER_ID") ENABLE;
--------------------------------------------------------
--  Ref Constraints for Table BILLPRODUCT
--------------------------------------------------------

  ALTER TABLE "VN_JAVA2"."BILLPRODUCT" ADD CONSTRAINT "FKAIY9JK09OWHMSYPYTXS595H4P" FOREIGN KEY ("PRODUCT_ID")
	  REFERENCES "VN_JAVA2"."PRODUCT" ("PRODUCT_ID") ENABLE;
  ALTER TABLE "VN_JAVA2"."BILLPRODUCT" ADD CONSTRAINT "FKFK6MRXSFMR4HTSC8LY6QUQAG8" FOREIGN KEY ("BILL_ID")
	  REFERENCES "VN_JAVA2"."BILL" ("BILL_ID") ENABLE;
--------------------------------------------------------
--  Ref Constraints for Table CART
--------------------------------------------------------

  ALTER TABLE "VN_JAVA2"."CART" ADD CONSTRAINT "FK3D704SLV66TW6X5HMBM6P2X3U" FOREIGN KEY ("PRODUCT_ID")
	  REFERENCES "VN_JAVA2"."PRODUCT" ("PRODUCT_ID") ENABLE;
  ALTER TABLE "VN_JAVA2"."CART" ADD CONSTRAINT "FK9HX78HT3JDQA6QIDU45XMD5BO" FOREIGN KEY ("USER_ID")
	  REFERENCES "VN_JAVA2"."USER_TABLE" ("USER_ID") ENABLE;
--------------------------------------------------------
--  Ref Constraints for Table ITEM
--------------------------------------------------------

  ALTER TABLE "VN_JAVA2"."ITEM" ADD CONSTRAINT "FKD1G72RRHGQ1SF7M4UWFVUHLHE" FOREIGN KEY ("PRODUCT_ID")
	  REFERENCES "VN_JAVA2"."PRODUCT" ("PRODUCT_ID") ENABLE;
  ALTER TABLE "VN_JAVA2"."ITEM" ADD CONSTRAINT "FKGCHEKFE52EC7YN35D393M91OL" FOREIGN KEY ("ORDER_ID")
	  REFERENCES "VN_JAVA2"."ORDER_USER" ("ORDER_ID") ENABLE;
--------------------------------------------------------
--  Ref Constraints for Table ORDER_USER
--------------------------------------------------------

  ALTER TABLE "VN_JAVA2"."ORDER_USER" ADD CONSTRAINT "FK3X68YS74UN97AY833LQX32LSO" FOREIGN KEY ("USER_ID")
	  REFERENCES "VN_JAVA2"."USER_TABLE" ("USER_ID") ENABLE;
--------------------------------------------------------
--  Ref Constraints for Table PRODUCT
--------------------------------------------------------

  ALTER TABLE "VN_JAVA2"."PRODUCT" ADD CONSTRAINT "FK1MTSBUR82FRN64DE7BALYMQ9S" FOREIGN KEY ("CATEGORY_ID")
	  REFERENCES "VN_JAVA2"."CATEGORY" ("CATEGORY_ID") ENABLE;
  ALTER TABLE "VN_JAVA2"."PRODUCT" ADD CONSTRAINT "FKTGPFNKN7ETMFUMAKC3IQ75E95" FOREIGN KEY ("SALE_ID")
	  REFERENCES "VN_JAVA2"."SALE" ("SALE_ID") ENABLE;
--------------------------------------------------------
--  Ref Constraints for Table USER_TABLE
--------------------------------------------------------

  ALTER TABLE "VN_JAVA2"."USER_TABLE" ADD CONSTRAINT "FK2KHYE3LLDNMBJJKFDUG9K3FP4" FOREIGN KEY ("ROLE_ID")
	  REFERENCES "VN_JAVA2"."ROLE_TABLE" ("ROLE_ID") ENABLE;
